<?xml version="1.0" encoding="UTF-8" standalone="yes"?>
<webApiHaul xmlns:a="http://www.appian.com/ae/types/2009">
    <webApi name="testWebAPI" a:uuid="c77a25c3-793c-48d4-9bc8-a0344d1613b1">
        <a:description>testWebAPI</a:description>
        <a:expression>with(&#xD;
  /*&#xD;
  * If there is a username specified in the query string of the HTTP request,&#xD;
  * we'll retrieve information about the specified user.  If there is no&#xD;
  * username specified then we'll retrieve information about the user that is&#xD;
  * executing the Web API.&#xD;
  */&#xD;
  local!uuid: if(&#xD;
    isnull(http!request.queryParameters.uuid),&#xD;
    &quot;Pass a uuid&quot;,&#xD;
    http!request.queryParameters.uuid&#xD;
  ),&#xD;
&#xD;
  /*&#xD;
  * Retrieve information about the user using the 'user()' function and assemble&#xD;
  * this information into a dictionary and store that dictionary in a local&#xD;
  * variable named 'local!user'.&#xD;
  */&#xD;
&#xD;
&#xD;
  /*&#xD;
  * Construct an HTTP response that contains the information that we just stored&#xD;
  * in 'local!user'.&#xD;
  */&#xD;
  #&quot;SYSTEM_SYSRULES_httpResponse&quot;(&#xD;
    /*&#xD;
    * Set an HTTP header that tells the client that the body of the response&#xD;
    * will be XML-encoded.&#xD;
    */&#xD;
    headers: {&#xD;
      #&quot;SYSTEM_SYSRULES_httpHeader&quot;(name: &quot;content-type&quot;, value: &quot;application/text&quot;)&#xD;
    },&#xD;
    /*&#xD;
    * XML-encode the value of 'local!user' and place it in the response body.&#xD;
    */&#xD;
    body: if(getcontentdetailsbyuuid(local!uuid)=&quot;No object with this internal name has been found&quot;, getprocessmodeldetailsbyuuid(local!uuid),&#xD;
    getcontentdetailsbyuuid(local!uuid))&#xD;
    &#xD;
  )&#xD;
)</a:expression>
        <a:urlAlias>getContent</a:urlAlias>
        <a:httpMethod>GET</a:httpMethod>
        <a:system>false</a:system>
    </webApi>
    <roleMap/>
</webApiHaul>
